dataset_id,analysis_role,cluster,final_cell_type,cell_subtype,cell_state,annotation_status,annotation_confidence,n_cells,n_samples,dominant_sample,dominant_sample_fraction,sample_entropy,patient_enriched,canonical_markers,top20_markers,canonical_support_n,high_specific_support_n,second_candidate,incompatible_lineage_program,n_significant_markers,notes
"GSE151214","normal_fallopian_tube_reference","0","T_cell","","None","READY_HIGH_CONFIDENCE","High",9899,7,"FT-SA23509",0.532174967168401,0.347009100036955,FALSE,"TRBC1;TRBC2;CD3D;CD3E;CD2;LCK;CD3G","BIK;CD8A;DUSP4;WHRN;NSMCE3;RGCC;ORAI1;BORCS5;SRSF2;CXCL16;LAG3;MCL1;RNF166;SPOCK2;SLBP;SARAF;GSPT1;CDK17;BTG1;SH2D2A",7,4,"Gamma_delta_T",FALSE,603,"Existing post-QC/doublet object; old cluster IDs group cells only and were not hardcoded to labels. Excluded from tumor TME, ligand-receptor meta-analysis, malignant-state inference and CNV analysis."
"GSE151214","normal_fallopian_tube_reference","1","T_cell","","None","READY_HIGH_CONFIDENCE","High",4205,9,"FT-SA23513",0.313912009512485,0.686469110935906,FALSE,"IL7R;CD2;CD3G;CD3D;CD3E;TRBC1;LCK;TRBC2","CD40LG;CCR6;BATF;IL7R;TRAT1;TNFAIP8;TXNIP;THEMIS;FKBP5;SCML4;GIMAP7;CCR7;GPR171;TRAF3IP3;ITK;ICOS;ARHGAP15;ODF2L;JAML;ANKRD28",8,4,"Gamma_delta_T",FALSE,306,"Existing post-QC/doublet object; old cluster IDs group cells only and were not hardcoded to labels. Excluded from tumor TME, ligand-receptor meta-analysis, malignant-state inference and CNV analysis."
"GSE151214","normal_fallopian_tube_reference","10","T_cell","","None","READY_HIGH_CONFIDENCE","High",1771,7,"FT-SA23515",0.708639186900057,0.31927849061582,FALSE,"CD3G;CD3D;CD2;LCK;CD3E;TRBC2;TRBC1","SIT1;CCR5;SAMSN1;PDCD1;TRGC2;ICOS;OASL;GRAP2;CXCR3;CXCR6;APOBEC3G;DHCR7;CLEC2D;LDLRAD4;FASLG;KLRB1;ASF1A;HOPX;ZNF683;GZMA",7,4,"NK_cell",FALSE,698,"Existing post-QC/doublet object; old cluster IDs group cells only and were not hardcoded to labels. Excluded from tumor TME, ligand-receptor meta-analysis, malignant-state inference and CNV analysis."
"GSE151214","normal_fallopian_tube_reference","11","Secretory_epithelial","","None","READY_HIGH_CONFIDENCE","High",1493,9,"FT5414",0.697253851306095,0.355399184666735,FALSE,"OVGP1;WFDC2;SLPI;KRT18;EPCAM;KRT8;KRT19","SPDEF;OVGP1;SCGB3A1;CRISP3;WFDC2;TTYH1;CLDN10;SLPI;MGST1;RNASE1;SCGB1D2;ASRGL1;GMPR;MED24;WDR77;CD24;S100A16;PART1;CLU;DMKN",7,3,"Plasma_cell",FALSE,324,"Existing post-QC/doublet object; old cluster IDs group cells only and were not hardcoded to labels. Excluded from tumor TME, ligand-receptor meta-analysis, malignant-state inference and CNV analysis."
"GSE151214","normal_fallopian_tube_reference","12","T_cell","","Activation","READY_HIGH_CONFIDENCE","High",1383,6,"FT-SA23508",0.595083152566884,0.403971021210656,FALSE,"IL7R;TRBC2;CD2;CD3E;CD3D;TRBC1","IL4I1;TNFRSF25;LTB;CHN1;CCR7;TIFA;TNFRSF18;CCR6;TRAF1;RORA;PHLDA1;FLT3LG;CD28;CD40LG;CCL20;TRAF4;AQP3;CCDC107;IL7R;PIM1",6,4,"Gamma_delta_T",FALSE,457,"Existing post-QC/doublet object; old cluster IDs group cells only and were not hardcoded to labels. Excluded from tumor TME, ligand-receptor meta-analysis, malignant-state inference and CNV analysis."
"GSE151214","normal_fallopian_tube_reference","13","Monocyte","","None","READY_HIGH_CONFIDENCE","High",1161,11,"FT-SA23509",0.391903531438415,0.70708485461721,FALSE,"S100A8;S100A9;FCN1;LYZ;VCAN;CTSS","S100A12;S100A8;S100A9;SERPINB2;AC245128.3;FCN1;CD300E;EREG;FPR2;AQP9;APOBEC3A;TREM1;FPR1;SMIM25;IL1RN;IL1A;MCEMP1;LYZ;MIR3945HG;CSTA",6,4,"B_cell",FALSE,497,"Existing post-QC/doublet object; old cluster IDs group cells only and were not hardcoded to labels. Excluded from tumor TME, ligand-receptor meta-analysis, malignant-state inference and CNV analysis."
"GSE151214","normal_fallopian_tube_reference","14","NK_cell","","None","READY_HIGH_CONFIDENCE","High",1134,6,"FT-SA23509",0.368606701940035,0.51029184648707,FALSE,"FGFBP2;KLRF1;NKG7;PRF1;GNLY;KLRD1;XCL2","S1PR5;FGFBP2;FCGR3A;KLRF1;HAVCR2;LMNB1;NKG7;PRF1;GZMB;GTF3C1;CD300A;KLRG1;ADGRG1;PLAC8;GNLY;HSH2D;S1PR4;CLIC3;CMC1;SPON2",7,3,"Gamma_delta_T",FALSE,521,"Existing post-QC/doublet object; old cluster IDs group cells only and were not hardcoded to labels. Excluded from tumor TME, ligand-receptor meta-analysis, malignant-state inference and CNV analysis."
"GSE151214","normal_fallopian_tube_reference","15","Blood_endothelial","","Stress_response;Activation","READY_HIGH_CONFIDENCE","High",987,11,"FT03",0.450861195542047,0.731340542482117,FALSE,"VWF;EMCN;PLVAP;CLDN5;RAMP2;PECAM1","ACKR1;CCL14;VWF;ADGRL4;CXorf36;EMCN;PLVAP;AQP1;FLT1;CYYR1;CLEC14A;TSPAN7;NRN1;LIFR;RAMP3;TM4SF18;EGFL7;CLDN5;ECSCR;ESAM",6,3,"B_cell",FALSE,312,"Existing post-QC/doublet object; old cluster IDs group cells only and were not hardcoded to labels. Excluded from tumor TME, ligand-receptor meta-analysis, malignant-state inference and CNV analysis."
"GSE151214","normal_fallopian_tube_reference","16","T_cell","","Stress_response;Activation","READY_HIGH_CONFIDENCE","High",944,6,"FT-SA23508",0.690677966101695,0.359887027821226,FALSE,"CD3E;LCK;TRBC2;CD3G;CD3D;IL7R;CD2;TRBC1","TNFSF9;DEDD2;TBC1D10C;DNAJB1;HSPA1A;DUSP1;HSPA1B;PTGER2;DUSP2;DCK;CITED2;GIMAP4;HSPH1;RASAL3;SEPT1;IFNG;CD69;PTGER4;TSC22D3;CD8B",8,4,"Gamma_delta_T",FALSE,271,"Existing post-QC/doublet object; old cluster IDs group cells only and were not hardcoded to labels. Excluded from tumor TME, ligand-receptor meta-analysis, malignant-state inference and CNV analysis."
"GSE151214","normal_fallopian_tube_reference","17","Secretory_epithelial","","None","READY_HIGH_CONFIDENCE","High",803,12,"FT03",0.470734744707348,0.712795958253926,FALSE,"KRT7;MUC1;KRT8;KRT18;WFDC2;EPCAM;OVGP1;KRT19;SLPI","LYPD1;MMP7;KRT7;EDN1;MSLN;S100A1;TACSTD2;C19orf33;DAPL1;EHF;UGT2B7;KLF5;CLDN4;CLU;PARD6B;FGGY;ERP27;PART1;BCAM;CRISP3",9,3,"Transitional_epithelial",FALSE,330,"Existing post-QC/doublet object; old cluster IDs group cells only and were not hardcoded to labels. Excluded from tumor TME, ligand-receptor meta-analysis, malignant-state inference and CNV analysis."
"GSE151214","normal_fallopian_tube_reference","18","Macrophage","","None","READY_HIGH_CONFIDENCE","High",661,12,"FT-SA23510",0.226928895612708,0.844829618842087,FALSE,"C1QC;C1QB;C1QA;CD68;APOE","C1QC;C1QB;C1QA;CLEC10A;MSR1;HLA-DQA1;CSF1R;FCER1A;APOC1;CSF2RA;HLA-DQB1;CYBB;HLA-DRA;MS4A7;HLA-DQA2;LY86;MS4A6A;IGSF6;HLA-DPA1;CD14",5,3,"Dendritic",FALSE,312,"Existing post-QC/doublet object; old cluster IDs group cells only and were not hardcoded to labels. Excluded from tumor TME, ligand-receptor meta-analysis, malignant-state inference and CNV analysis."
"GSE151214","normal_fallopian_tube_reference","19","Mast","","None","READY_HIGH_CONFIDENCE","High",631,11,"FT-SA23510",0.256735340729002,0.888816945259321,FALSE,"TPSAB1;CPA3;TPSB2;MS4A2;HDC;KIT","TPSAB1;CPA3;TPSB2;MS4A2;GCSAML;SLC18A2;HPGDS;HDC;IL1RL1;AL157895.1;TMEM233;KIT;CALB2;RHEX;RGS13;PTAFR;VWA5A;GATA2;PTGS1;LIF",6,4,"Dendritic",FALSE,280,"Existing post-QC/doublet object; old cluster IDs group cells only and were not hardcoded to labels. Excluded from tumor TME, ligand-receptor meta-analysis, malignant-state inference and CNV analysis."
"GSE151214","normal_fallopian_tube_reference","2","T_cell","","None","READY_HIGH_CONFIDENCE","High",3939,10,"FT5414",0.388169586189388,0.500692917957966,FALSE,"CD3G;IL7R;CD3D;CD2","TGFB1;BRD9;AAK1;AC114760.2;LTB;AC058791.1;C1orf56;CDV3;PRMT9;CRYBG1;SOCS1;SCAND1;LINC00513;RCAN3;IKZF1;SMCHD1;CD3G;ARGLU1;KTN1;MIF",4,1,"Gamma_delta_T",FALSE,193,"Existing post-QC/doublet object; old cluster IDs group cells only and were not hardcoded to labels. Excluded from tumor TME, ligand-receptor meta-analysis, malignant-state inference and CNV analysis."
"GSE151214","normal_fallopian_tube_reference","20","Pericyte","","Stress_response","READY_HIGH_CONFIDENCE","High",550,11,"FT-SA23510",0.2,0.854857735375204,FALSE,"MYH11;TAGLN;MYL9;ACTA2;CNN1","HIGD1B;COX4I2;RERGL;NDUFA4L2;FHL5;PLN;STEAP4;CDH6;ITGA7;RGS5;NTRK2;FRZB;TINAGL1;MT1A;NPY1R;MT1M;SORBS2;NOTCH3;MYH11;C2orf40",5,4,"Pericyte",FALSE,467,"Existing post-QC/doublet object; old cluster IDs group cells only and were not hardcoded to labels. Excluded from tumor TME, ligand-receptor meta-analysis, malignant-state inference and CNV analysis."
"GSE151214","normal_fallopian_tube_reference","21","Ciliated_epithelial","","None","READY_HIGH_CONFIDENCE","High",529,10,"FT-SA23514",0.608695652173913,0.470170984577415,FALSE,"CFAP157;TPPP3;RSPH1;PIFO;C20orf85;CFAP126;FOXJ1;CAPS","SCN1A;PTPRT;RP1;DCDC1;TMED6;C6;DNAH7;MAATS1;MUC15;FAM227A;ZDHHC11;CDHR4;CFAP47;TMEM212;ECT2L;CFAP43;DNAH3;LRRIQ1;CES4A;DNAAF1",8,4,"Secretory_epithelial",FALSE,1719,"Existing post-QC/doublet object; old cluster IDs group cells only and were not hardcoded to labels. Excluded from tumor TME, ligand-receptor meta-analysis, malignant-state inference and CNV analysis."
"GSE151214","normal_fallopian_tube_reference","22","NK_cell","","None","READY_HIGH_CONFIDENCE","High",427,6,"FT-SA23515",0.306791569086651,0.647950717339015,FALSE,"FGFBP2;KLRF1;NKG7;PRF1;GNLY;KLRD1;XCL2","CX3CR1;FGFBP2;FCGR3A;KLRF1;PLEK;ADGRG1;TTC38;NKG7;PRF1;CMC1;KLRG1;FGR;PLAC8;GNLY;CCL4L2;FCRL6;GZMB;HAVCR2;KLRD1;GZMH",7,3,"Gamma_delta_T",FALSE,316,"Existing post-QC/doublet object; old cluster IDs group cells only and were not hardcoded to labels. Excluded from tumor TME, ligand-receptor meta-analysis, malignant-state inference and CNV analysis."
"GSE151214","normal_fallopian_tube_reference","23","Smooth_muscle","","None","READY_HIGH_CONFIDENCE","High",400,10,"FT5414",0.7,0.471817395378828,FALSE,"DES;CNN1;MYL9;TAGLN;ACTA2","IGKC;DES;MYLK;CNN1;TPM2;MYL9;TAGLN;TPM1;RAMP1;ACTA2;CSRP1;PENK;MDK;NUPR1;SOD3;TCEAL4;MGP;FXYD1;DSTN;BEX3",5,3,"Fibroblast",FALSE,78,"Existing post-QC/doublet object; old cluster IDs group cells only and were not hardcoded to labels. Excluded from tumor TME, ligand-receptor meta-analysis, malignant-state inference and CNV analysis."
"GSE151214","normal_fallopian_tube_reference","24","Ciliated_epithelial","","None","READY_HIGH_CONFIDENCE","High",172,4,"FT-SA23508",0.476744186046512,0.394960055043744,FALSE,"FOXJ1;CAPS;PIFO;RSPH1;C20orf85;TPPP3","C5orf49;FOXJ1;ODF3B;CAPS;C9orf24;TFF3;BIK;SNTN;HIST1H1C;RASAL3;PIFO;NSMCE3;SLBP;C11orf88;C12orf75;MORN2;AAED1;AL357093.2;DUSP2;STK17A",6,4,"T_cell",FALSE,203,"Existing post-QC/doublet object; old cluster IDs group cells only and were not hardcoded to labels. Excluded from tumor TME, ligand-receptor meta-analysis, malignant-state inference and CNV analysis."
"GSE151214","normal_fallopian_tube_reference","25","Lymphatic_endothelial","","None","READY_HIGH_CONFIDENCE","High",159,9,"FT03",0.308176100628931,0.735487097826135,FALSE,"CCL21;PROX1;FLT4;LYVE1;CLDN5;PDPN","CCL21;MMRN1;TBX1;PROX1;FLT4;LYVE1;GPM6A;SLC24A1;ROBO4;CLDN5;ECSCR;SMAD1;NRP2;LMO2;TM4SF18;CAVIN2;TIE1;PPFIBP1;LOX;EFNA5",6,4,"Blood_endothelial",FALSE,255,"Existing post-QC/doublet object; old cluster IDs group cells only and were not hardcoded to labels. Excluded from tumor TME, ligand-receptor meta-analysis, malignant-state inference and CNV analysis."
"GSE151214","normal_fallopian_tube_reference","3","T_cell","","Stress_response","READY_HIGH_CONFIDENCE","High",3552,7,"FT-SA23506",0.49634009009009,0.525894694741784,FALSE,"CD2;CD3E;CD3D;TRBC2;TRBC1;CD3G;LCK","IFNG;CCL4L2;CCL4;GZMK;TXNIP;SIT1;CRTAM;XCL2;MT1X;CD27;THEMIS;XCL1;PPP1R2C;MRPL1;CYTOR;ZFAND2A;DNAJB1;GIMAP4;GZMA;NEU1",7,4,"NK_cell",FALSE,403,"Existing post-QC/doublet object; old cluster IDs group cells only and were not hardcoded to labels. Excluded from tumor TME, ligand-receptor meta-analysis, malignant-state inference and CNV analysis."
"GSE151214","normal_fallopian_tube_reference","4","Fibroblast","","Stress_response;Activation","REVIEW_PATIENT_ENRICHED","High",3063,6,"FT-SA23510",0.982696702579171,0.041415478562515,TRUE,"COL1A1;COL3A1;LUM;COL1A2;DCN;PDGFRA","ARC;C11orf96;WNT4;SFRP4;WNT2;MOXD1;VASN;ENTPD2;HSD11B2;NPPC;MEDAG;TWIST2;SNAI2;PGF;MMP11;FOSL1;SPSB1;NDN;HSPB6;CRABP2",6,4,"Smooth_muscle",FALSE,1897,"Existing post-QC/doublet object; old cluster IDs group cells only and were not hardcoded to labels. Excluded from tumor TME, ligand-receptor meta-analysis, malignant-state inference and CNV analysis."
"GSE151214","normal_fallopian_tube_reference","5","Fibroblast","","None","READY_HIGH_CONFIDENCE","High",2742,11,"FT-SA24027",0.772428884026258,0.338697176390623,FALSE,"PDGFRA;DCN;COL3A1;LUM;COL1A2;COL1A1","BCHE;ABCA10;AC007952.4;FGF7;POSTN;RNASE4;ABCA8;PENK;MIR503HG;FBN1;LTBP1;PAPPA;ECM2;PEG3;OGN;DPT;PDGFRA;GLT8D2;ADH1B;CCDC80",6,4,"Smooth_muscle",FALSE,980,"Existing post-QC/doublet object; old cluster IDs group cells only and were not hardcoded to labels. Excluded from tumor TME, ligand-receptor meta-analysis, malignant-state inference and CNV analysis."
"GSE151214","normal_fallopian_tube_reference","6","Gamma_delta_T","","None","READY_HIGH_CONFIDENCE","High",2185,10,"FT-SA23515",0.430205949656751,0.535078570752222,FALSE,"KLRD1;GNLY;XCL1;XCL2;NKG7;PRF1","ENTPD1;KLRC2;CD160;KIR2DL4;TRDC;SH2D1B;KRT81;LAT2;FCRL6;TMIGD2;TRGC1;KLRD1;TRGC2;GNLY;B3GNT7;SLAMF7;TRG-AS1;KLRC1;ZNF683;PTPN6",6,4,"T_cell",FALSE,644,"Existing post-QC/doublet object; old cluster IDs group cells only and were not hardcoded to labels. Excluded from tumor TME, ligand-receptor meta-analysis, malignant-state inference and CNV analysis."
"GSE151214","normal_fallopian_tube_reference","7","Fibroblast","","Stress_response;Activation","READY_HIGH_CONFIDENCE","High",2163,11,"FT03",0.535829865926953,0.506277362748352,FALSE,"PDGFRA;DCN;LUM;COL1A2;COL3A1;COL1A1","SFRP2;CFD;RARRES1;APOD;C7;SRPX;AC116366.1;MRNIP;CXCL12;NOVA1;GSN;ADH1B;PLEKHH2;MGP;PDGFRA;MAFB;COL6A2;ADM;CTSF;ADAMTS1",6,4,"Smooth_muscle",FALSE,452,"Existing post-QC/doublet object; old cluster IDs group cells only and were not hardcoded to labels. Excluded from tumor TME, ligand-receptor meta-analysis, malignant-state inference and CNV analysis."
"GSE151214","normal_fallopian_tube_reference","8","Ciliated_epithelial","","None","READY_HIGH_CONFIDENCE","High",1947,12,"FT5414",0.3256291730868,0.760683342612064,FALSE,"CFAP126;C20orf85;CAPS;PIFO;RSPH1;TPPP3;FOXJ1;CFAP157","SCGB1D4;OMG;C11orf97;C11orf88;ROPN1L;WDR38;C9orf24;AL357093.2;CFAP126;ANKRD66;C5orf49;RIIAD1;GSTA1;DYNLRB2;C20orf85;CAPS;AKAP14;AL121899.1;CFAP53;C9orf135",8,4,"Secretory_epithelial",FALSE,319,"Existing post-QC/doublet object; old cluster IDs group cells only and were not hardcoded to labels. Excluded from tumor TME, ligand-receptor meta-analysis, malignant-state inference and CNV analysis."
"GSE151214","normal_fallopian_tube_reference","9","NK_cell","","None","READY_HIGH_CONFIDENCE","High",1937,8,"FT-SA23508",0.392359318533815,0.528333553662541,FALSE,"KLRF1;KLRD1;GNLY;XCL2;PRF1;NKG7;XCL1","KRT86;B3GNT7;KRT81;KIR2DL4;TNFRSF18;SH2D1B;CLIC3;KLRF1;CSF1;LAT2;KLRC1;SLC16A3;TMIGD2;MATK;TYROBP;KLRD1;GNLY;AREG;TRDC;CD160",7,4,"Gamma_delta_T",FALSE,511,"Existing post-QC/doublet object; old cluster IDs group cells only and were not hardcoded to labels. Excluded from tumor TME, ligand-receptor meta-analysis, malignant-state inference and CNV analysis."
