dataset_id,parent_broad_type,clustering_strategy,cluster,n_cells,n_samples,n_patients,dominant_sample,dominant_sample_fraction,suggested_broad_cell_type,canonical_evidence_strength,canonical_markers_present,second_candidate,cycling_state,cycling_markers_present,n_significant_markers,marker_status,lineage_conflict_flag,top20_significant_markers,top50_significant_markers,manual_cell_type,manual_cell_subtype,manual_confidence,manual_notes,evidence_status,second_support_n
"GSE158722","Epithelial","A_uncorrected","Epithelial__A_uncorrected__0",6613,9,7,"P05_Time1",0.356419174353546,"Ambiguous","low","","T_cell","Non_cycling","",NA,"REVIEW_AMBIGUOUS_LINEAGE",FALSE,NA,NA,"","","","","INSUFFICIENT_CANONICAL_SUPPORT",0
"GSE158722","Epithelial","A_uncorrected","Epithelial__A_uncorrected__1",4996,28,19,"P08_Time1",0.738190552441954,"Ambiguous","low","","T_cell","Non_cycling","",NA,"REVIEW_AMBIGUOUS_LINEAGE",FALSE,NA,NA,"","","","","INSUFFICIENT_CANONICAL_SUPPORT",0
"GSE158722","Epithelial","A_uncorrected","Epithelial__A_uncorrected__10",1841,22,19,"P17_Pre-treatment",0.447039652362846,"Epithelial","high","TACSTD2;KRT8;KRT7;EPCAM;KRT18;KRT19","Pericyte","Cycling_high","CCNB2;PCNA;CCNB1;CENPF;STMN1",1125,"READY_FOR_ANNOTATION",FALSE,"CSDE1;MUC5B;NRAS;POP4;NCCRP1;CST6;LRRTM1;BCAS2;ITGA2;SIKE1;FAM83A;UQCRFS1;F3;URI1;FN1;S100A4;GPRC5A;CTSC;C19orf12;PLEKHF1","CSDE1;MUC5B;NRAS;POP4;NCCRP1;CST6;LRRTM1;BCAS2;ITGA2;SIKE1;FAM83A;UQCRFS1;F3;URI1;FN1;S100A4;GPRC5A;CTSC;C19orf12;PLEKHF1;TGM2;NLRP2;TMEM256;CLDN6;C15orf48;MALL;PITPNA;PLAT;ADAM28;NMB;BASP1;INO80C;TMEM51;S100A2;DSG2;DSC2;CCNE1;CAMK2N1;NQO1;DEPTOR;RASIP1;DHRS9;KRBOX1;CDH2;PLLP;S100A8;KLK7;AQP3;TNFRSF21;ARL4C","","","","","SUPPORTED",2
"GSE158722","Epithelial","A_uncorrected","Epithelial__A_uncorrected__11",1677,7,7,"P23_Post-treatment",0.99582587954681,"Mixed_or_doublet","moderate","WFDC2;EPCAM;CLDN3","Plasma_cell","Non_cycling","",345,"REVIEW_MIXED_OR_DOUBLET",TRUE,"CRLF1;SFRP1;BEX1;ACSL4;AGR2;CLDN9;PCSK1N;SCD;L1CAM;SSR4;CADM1;ITM2C;CHPF;FAM107A;CXCL17;BCAT1;NUCB2;SIX1;PYCR1;CETN2","CRLF1;SFRP1;BEX1;ACSL4;AGR2;CLDN9;PCSK1N;SCD;L1CAM;SSR4;CADM1;ITM2C;CHPF;FAM107A;CXCL17;BCAT1;NUCB2;SIX1;PYCR1;CETN2;COX11;PMEPA1;DAP;HSBP1;APP;ATP6AP1;AQP5;MAGT1;FXYD5;TSPAN13;TMEM245;TPBG;FCGRT;WFDC2;COMMD6;TSPAN6;FGFR1;VBP1;METRN;SH3BGRL;ATRAID;CTSZ;TOB1;VMA21;IGF1R;SOX9;BMP7;HLA-DRB5;CIB1;TCEAL8","","","","","CONFLICTING_LINEAGE_EVIDENCE",2
"GSE158722","Epithelial","A_uncorrected","Epithelial__A_uncorrected__12",1612,6,6,"P13_Pre-treatment",0.993796526054591,"Ambiguous","low","","T_cell","Non_cycling","",NA,"REVIEW_AMBIGUOUS_LINEAGE",FALSE,NA,NA,"","","","","INSUFFICIENT_CANONICAL_SUPPORT",0
"GSE158722","Epithelial","A_uncorrected","Epithelial__A_uncorrected__13",1468,10,6,"P06_Time1",0.642370572207085,"Epithelial","high","MSLN;TACSTD2;MUC16;WFDC2;KRT7","Pericyte","Cycling_possible","CCNB1;TUBA1B",1293,"READY_FOR_ANNOTATION",FALSE,"DEFB123;TBX10;TCEAL2;ECE2;LBHD1;ITGA10;MAGEA4;ALDOA;SCO2;RPL23A;BEX1;RAB34;ALDOC;GSPT2;MYOM1;IGF2;PRR4;BOLA2-SMG1P6;SDF2;RNASEH2A","DEFB123;TBX10;TCEAL2;ECE2;LBHD1;ITGA10;MAGEA4;ALDOA;SCO2;RPL23A;BEX1;RAB34;ALDOC;GSPT2;MYOM1;IGF2;PRR4;BOLA2-SMG1P6;SDF2;RNASEH2A;SLC46A1;HIST1H2BK;SRCAP;IGFBP6;OBP2A;RAD50;PIGS;EGLN2;ERAL1;ZC3H11A;PCSK1N;SUPT6H;TNFAIP1;TNNT1;IL32;AK6;PDE4C;TLCD1;SERPINE2;POLDIP2;RAD51B;EIF1;LEMD1;KIAA0100;CELF2;POLD4;TMEM199;U2AF1;NFKBIE;UNC119","","","","","SUPPORTED",2
"GSE158722","Epithelial","A_uncorrected","Epithelial__A_uncorrected__14",1416,19,16,"P15_Pre-treatment",0.967514124293785,"Ambiguous","low","","T_cell","Cycling_possible","HMGB2",245,"REVIEW_AMBIGUOUS_LINEAGE",FALSE,"C12orf75;TMCC3;PROM1;MMP7;MACROD2;TXNRD1;SAA2;TALDO1;SAA1;NUPR1;IL32;RPLP2;S100A1;IRS2;RGS10;ASRGL1;GPX3;SOD2;RPL27A;PSMA1","C12orf75;TMCC3;PROM1;MMP7;MACROD2;TXNRD1;SAA2;TALDO1;SAA1;NUPR1;IL32;RPLP2;S100A1;IRS2;RGS10;ASRGL1;GPX3;SOD2;RPL27A;PSMA1;RPS13;PPIA;REV3L;CRYAB;RPS26;SCGB2A1;POLR2L;PEBP1;RPL6;SNRPF;RPL7;SOX17;RPS12;HMGB2;RPL29;RPL21;HMGA1;TKT;AKAP12;PA2G4;RPL34;RPS3A;RPL10;RPL19;CDKN2A;H2AFZ;ENO1;LDHA;EEF1A1;SET","","","","","INSUFFICIENT_CANONICAL_SUPPORT",0
"GSE158722","Epithelial","A_uncorrected","Epithelial__A_uncorrected__15",1387,11,10,"P07_Time1",0.96395097332372,"Epithelial","moderate","MSLN;MUC1;PAX8","Myeloid","Non_cycling","",943,"READY_FOR_ANNOTATION",FALSE,"SORCS1;SYNE1;GUCY1A2;PLA2R1;MLXIPL;KIF12;GRIK5;NPIPB15;ITGA1;PNCK;SCN1B;ZNF774;VNN1;CCHCR1;KCNC3;THBS1;PALM3;SPATA6L;MAPK10;CTIF","SORCS1;SYNE1;GUCY1A2;PLA2R1;MLXIPL;KIF12;GRIK5;NPIPB15;ITGA1;PNCK;SCN1B;ZNF774;VNN1;CCHCR1;KCNC3;THBS1;PALM3;SPATA6L;MAPK10;CTIF;VPS53;ZMAT1;RPGR;ARFGAP1;KIFC2;PTPRM;MAPK15;FBXO17;ASPHD1;WDR90;UGT2B7;ZNF440;ZNF439;FOSB;ZNF611;KCNK6;LONRF2;EME2;LRRC41;COL27A1;IFI44L;DNM1;CLCN5;ACAP3;B4GALNT4;RIMKLB;LENG8;ADGRG6;ARL5B;SLC22A5","","","","","SUPPORTED",1
"GSE158722","Epithelial","A_uncorrected","Epithelial__A_uncorrected__16",1379,4,2,"P09_Time2",0.572878897751994,"Ambiguous","low","","T_cell","Non_cycling","",NA,"REVIEW_AMBIGUOUS_LINEAGE",FALSE,NA,NA,"","","","","INSUFFICIENT_CANONICAL_SUPPORT",0
"GSE158722","Epithelial","A_uncorrected","Epithelial__A_uncorrected__17",1328,4,2,"P08_Time3",0.963855421686747,"Ambiguous","low","","T_cell","Non_cycling","",NA,"REVIEW_AMBIGUOUS_LINEAGE",FALSE,NA,NA,"","","","","INSUFFICIENT_CANONICAL_SUPPORT",0
"GSE158722","Epithelial","A_uncorrected","Epithelial__A_uncorrected__18",1247,16,13,"P19_Post-treatment",0.97514033680834,"Ambiguous","low","","T_cell","Non_cycling","",NA,"REVIEW_AMBIGUOUS_LINEAGE",FALSE,NA,NA,"","","","","INSUFFICIENT_CANONICAL_SUPPORT",0
"GSE158722","Epithelial","A_uncorrected","Epithelial__A_uncorrected__19",956,5,5,"P18_Post-treatment",0.993723849372385,"Ambiguous","low","","T_cell","Non_cycling","",NA,"REVIEW_AMBIGUOUS_LINEAGE",FALSE,NA,NA,"","","","","INSUFFICIENT_CANONICAL_SUPPORT",0
"GSE158722","Epithelial","A_uncorrected","Epithelial__A_uncorrected__2",4926,27,19,"P21_Post-treatment",0.969955339017458,"Ambiguous","low","","T_cell","Non_cycling","",NA,"REVIEW_AMBIGUOUS_LINEAGE",FALSE,NA,NA,"","","","","INSUFFICIENT_CANONICAL_SUPPORT",0
"GSE158722","Epithelial","A_uncorrected","Epithelial__A_uncorrected__20",927,12,10,"P04_Time2",0.812297734627832,"Ambiguous","low","PAX8","T_cell","Non_cycling","",812,"REVIEW_AMBIGUOUS_LINEAGE",FALSE,"COL22A1;SLC7A2;KCNJ16;ABCC3;PLEKHH2;FN3K;ARL17A;ERN1;CPM;STEAP2;CXCL1;PLAGL1;IGFBP5;PREX2;CLEC2D;SULT1C2;SIPA1L2;IL15;PRH1;STRADA","COL22A1;SLC7A2;KCNJ16;ABCC3;PLEKHH2;FN3K;ARL17A;ERN1;CPM;STEAP2;CXCL1;PLAGL1;IGFBP5;PREX2;CLEC2D;SULT1C2;SIPA1L2;IL15;PRH1;STRADA;EPS8;GCLM;PTPRM;LPGAT1;GULP1;RIMKLB;SORBS2;FLVCR1;MCOLN3;TSEN2;SESTD1;NRP1;ITPR2;PCNX2;COBLL1;KLHL42;IFI44L;ANGEL2;RABGAP1L;FZD3;STEAP4;PRKAA2;TNFRSF10B;LMCD1;DNAH14;RASSF8;CPEB4;CTTNBP2;GCNT2;DDHD1","","","","","INSUFFICIENT_CANONICAL_SUPPORT",0
"GSE158722","Epithelial","A_uncorrected","Epithelial__A_uncorrected__21",874,8,4,"P09_Time3",0.441647597254005,"Ambiguous","low","","T_cell","Non_cycling","",NA,"REVIEW_AMBIGUOUS_LINEAGE",FALSE,NA,NA,"","","","","INSUFFICIENT_CANONICAL_SUPPORT",0
"GSE158722","Epithelial","A_uncorrected","Epithelial__A_uncorrected__22",424,7,5,"P02_Time3",0.417452830188679,"Ambiguous","low","","T_cell","Non_cycling","",NA,"REVIEW_AMBIGUOUS_LINEAGE",FALSE,NA,NA,"","","","","INSUFFICIENT_CANONICAL_SUPPORT",0
"GSE158722","Epithelial","A_uncorrected","Epithelial__A_uncorrected__23",398,10,9,"P20_Post-treatment",0.952261306532663,"Ambiguous","low","","T_cell","Non_cycling","",NA,"REVIEW_AMBIGUOUS_LINEAGE",FALSE,NA,NA,"","","","","INSUFFICIENT_CANONICAL_SUPPORT",0
"GSE158722","Epithelial","A_uncorrected","Epithelial__A_uncorrected__24",376,2,2,"P24_Post-treatment",0.997340425531915,"Ambiguous","low","","T_cell","Non_cycling","",NA,"REVIEW_AMBIGUOUS_LINEAGE",FALSE,NA,NA,"","","","","INSUFFICIENT_CANONICAL_SUPPORT",0
"GSE158722","Epithelial","A_uncorrected","Epithelial__A_uncorrected__25",348,2,2,"P14_Pre-treatment",0.997126436781609,"Mixed_or_doublet","moderate","BANK1;HLA-DRA;CD74","Epithelial","Cycling_high","CENPF;CCNB1;CDK1;CCNB2;CDC20;STMN1;UBE2C;HMGB2;MKI67;TOP2A;PCNA;TUBA1B;TYMS",1497,"REVIEW_MIXED_OR_DOUBLET",TRUE,"HIST1H1A;CYSLTR1;CBR3;S100A7;CDKN3;ZNF486;ADGRG2;SOX15;PAPSS2;CENPA;CENPF;SPC25;SOX18;HPSE;PTTG1;HMMR;CDC25C;DPEP3;LMNB1;PBK","HIST1H1A;CYSLTR1;CBR3;S100A7;CDKN3;ZNF486;ADGRG2;SOX15;PAPSS2;CENPA;CENPF;SPC25;SOX18;HPSE;PTTG1;HMMR;CDC25C;DPEP3;LMNB1;PBK;NEURL1B;EPSTI1;NUF2;CRABP1;CCNB1;CDK1;HIST1H1B;HIST1H4C;TAF9B;CCNB2;BATF;IDO1;C10orf99;PXMP2;NEK2;PCLAF;KIF20A;CKAP2L;KCNE3;CDC20;F12;PLP2;MND1;DLGAP5;BIRC5;CEP55;GLIPR2;ZWINT;FAM83D;MX1","","","","","CONFLICTING_LINEAGE_EVIDENCE",2
"GSE158722","Epithelial","A_uncorrected","Epithelial__A_uncorrected__26",315,4,4,"P15_Pre-treatment",0.987301587301587,"Epithelial","moderate","PAX8;MUC1","T_cell","Non_cycling","",242,"READY_FOR_ANNOTATION",FALSE,"SAMD5;POU3F3;PLEKHN1;GDA;SIX3;EID3;MCF2L;SYTL2;PREX2;REV3L;PROM1;ATP11A;PGGHG;ZNF248;XDH;TMCC3;DST;C9orf85;CNKSR3;COBLL1","SAMD5;POU3F3;PLEKHN1;GDA;SIX3;EID3;MCF2L;SYTL2;PREX2;REV3L;PROM1;ATP11A;PGGHG;ZNF248;XDH;TMCC3;DST;C9orf85;CNKSR3;COBLL1;GLDC;SLC6A6;MUC4;COL27A1;MYO6;SPATA13;MET;HMGA2;POU5F1;LGR4;COL4A1;C18orf25;ASPH;PAX8;NPC1;B3GALNT2;SMAD4;MAP2K3;VPS37B;GLS;TEAD1;RBM5;FBXW7;TXNRD1;YOD1;SPECC1;ST5;IRS2;ZMYM2;FNBP4","","","","","SUPPORTED",0
"GSE158722","Epithelial","A_uncorrected","Epithelial__A_uncorrected__27",162,1,1,"P01_Time2",1,"Ambiguous","low","","T_cell","Non_cycling","",NA,"REVIEW_AMBIGUOUS_LINEAGE",FALSE,NA,NA,"","","","","INSUFFICIENT_CANONICAL_SUPPORT",0
"GSE158722","Epithelial","A_uncorrected","Epithelial__A_uncorrected__28",139,2,1,"P03_Time3",0.97841726618705,"Ambiguous","low","","T_cell","Non_cycling","",NA,"REVIEW_AMBIGUOUS_LINEAGE",FALSE,NA,NA,"","","","","INSUFFICIENT_CANONICAL_SUPPORT",0
"GSE158722","Epithelial","A_uncorrected","Epithelial__A_uncorrected__29",119,1,1,"P03_Time2",1,"Ambiguous","low","","T_cell","Non_cycling","",NA,"REVIEW_AMBIGUOUS_LINEAGE",FALSE,NA,NA,"","","","","INSUFFICIENT_CANONICAL_SUPPORT",0
"GSE158722","Epithelial","A_uncorrected","Epithelial__A_uncorrected__3",4924,22,15,"P07_Time2",0.881803411860276,"Epithelial","high","WFDC2;KRT8;KRT18;EPCAM","B_cell","Cycling_high","UBE2C;HMGB2;MKI67;TOP2A;STMN1;TUBA1B",419,"READY_FOR_ANNOTATION",FALSE,"SPP1;UBE2C;DMBT1;IGFBP7;PDLIM4;PDZK1IP1;GLOD4;PKP2;C1R;HLA-DPA1;LRRC75A;IFITM1;IFNGR1;LAP3;LYRM1;HLA-DPB1;TRNP1;IFI27;ISG15;B4GALT1","SPP1;UBE2C;DMBT1;IGFBP7;PDLIM4;PDZK1IP1;GLOD4;PKP2;C1R;HLA-DPA1;LRRC75A;IFITM1;IFNGR1;LAP3;LYRM1;HLA-DPB1;TRNP1;IFI27;ISG15;B4GALT1;SLC34A2;PSMB9;YWHAE;PCLAF;HMGB2;NXN;LY6E;FABP5;IFI6;CKS2;USP1;TYMP;HLA-DRB5;UBE2S;MRPS35;ANXA4;C2orf88;SDC4;IL6ST;PTTG1;HLA-DRA;YBX1;CNN3;PSMB8;TIMP1;TAP1;SAMHD1;BCAT1;CTSL;LYPD1","","","","","SUPPORTED",2
"GSE158722","Epithelial","A_uncorrected","Epithelial__A_uncorrected__30",38,9,7,"P23_Post-treatment",0.552631578947369,"Endothelial","high","CLDN5;RAMP3;RAMP2;EMCN;KDR;ESAM;VWF;ENG","Fibroblast","Non_cycling","",511,"REVIEW_LINEAGE_CONFLICT",TRUE,"CCL21;MYCT1;ECSCR;MMRN1;FABP4;ADGRL4;CLDN5;PROX1;RAMP3;BMX;RAMP2;TMEM204;SCN3A;GRAP;GIMAP8;GIMAP7;LDB2;GIMAP1;TFPI;CNRIP1","CCL21;MYCT1;ECSCR;MMRN1;FABP4;ADGRL4;CLDN5;PROX1;RAMP3;BMX;RAMP2;TMEM204;SCN3A;GRAP;GIMAP8;GIMAP7;LDB2;GIMAP1;TFPI;CNRIP1;TAL1;GIMAP4;LYVE1;TSPAN11;PCDH12;COX7A1;EMCN;FLT4;CDH13;NID1;CALCRL;CH25H;TIE1;FLI1;EGFL7;CDH5;KDR;GNG11;RHOJ;ZNF521;PDE2A;PLAC9;TBX1;BCL6B;KANK3;OLFM1;PMP22;PIEZO2;FLRT2;PGM5","","","","","SUPPORTED",2
"GSE158722","Epithelial","A_uncorrected","Epithelial__A_uncorrected__4",3469,30,20,"P04_Time1",0.520899394638224,"Epithelial","moderate","KRT8;WFDC2;KRT18","Pericyte","Non_cycling","",431,"READY_FOR_ANNOTATION",FALSE,"SST;ANXA6;IGFBP4;OXTR;H2AFJ;IGFBP5;RAMP1;LARP6;ERP27;MT1H;MT1G;EVA1B;ETFRF1;LDHB;KRT23;IGFBP2;MLF2;FTL;LSM10;MIF","SST;ANXA6;IGFBP4;OXTR;H2AFJ;IGFBP5;RAMP1;LARP6;ERP27;MT1H;MT1G;EVA1B;ETFRF1;LDHB;KRT23;IGFBP2;MLF2;FTL;LSM10;MIF;UCHL1;RAB40B;GAPDH;UBB;BRK1;TEN1;ZNF428;MORN2;TPI1;SIPA1;ELP5;CLU;MRPL12;DOK5;APOA1;STRAP;ARL8B;C4orf48;STARD10;SLC25A10;TXNDC17;NENF;APOE;PEG10;DEFB1;GPX4;DRAP1;BANF1;IFI27;TUBA4A","","","","","SUPPORTED",1
"GSE158722","Epithelial","A_uncorrected","Epithelial__A_uncorrected__5",3347,24,16,"P08_Time3",0.542874215715566,"Epithelial","high","KRT18;CLDN4;MUC16;KRT8","T_cell","Non_cycling","",558,"READY_FOR_ANNOTATION",FALSE,"REG1A;PDK4;MGP;TNFRSF25;OGT;DNAJA4;POGLUT1;TTC14;HSPA1A;UBE2G2;VPS13D;ZRANB2;TAF1C;PABPC1L;ASNS;STC2;KAT2A;SLC12A9;ZNF667;CTCFL","REG1A;PDK4;MGP;TNFRSF25;OGT;DNAJA4;POGLUT1;TTC14;HSPA1A;UBE2G2;VPS13D;ZRANB2;TAF1C;PABPC1L;ASNS;STC2;KAT2A;SLC12A9;ZNF667;CTCFL;ZNF512;URB1;TRMT13;GOLGA8B;EIF2B1;GOLGA8A;ATAD3B;PEX1;RNPC3;MCM3AP;ZNF121;HERPUD1;METTL3;SLC5A3;ATR;LARS;PGGHG;E2F4;DUSP1;TRIM73;HEATR1;ZDHHC23;LETMD1;QTRT1;RBM12B;CCDC80;THADA;ABCC5;GATAD1;BRD9","","","","","SUPPORTED",0
"GSE158722","Epithelial","A_uncorrected","Epithelial__A_uncorrected__6",2325,9,7,"P08_Time2",0.923870967741935,"Ambiguous","low","","T_cell","Non_cycling","",NA,"REVIEW_AMBIGUOUS_LINEAGE",FALSE,NA,NA,"","","","","INSUFFICIENT_CANONICAL_SUPPORT",0
"GSE158722","Epithelial","A_uncorrected","Epithelial__A_uncorrected__7",2269,12,10,"P12_Pre-treatment",0.989422653151168,"Epithelial","high","PAX8;CLDN4;MUC1;CLDN3;MSLN;KRT7;TACSTD2","Myeloid","Non_cycling","",608,"READY_FOR_ANNOTATION",FALSE,"HOXA9;HOXA5;HOXA3;AJAP1;HOXA4;NDUFA4L2;LCN12;NAT8L;SLC25A38;MTMR12;SYT8;COL9A2;GDF15;RAI14;COL23A1;TRAK1;ATF5;SKAP2;SLC12A7;ADRA2C","HOXA9;HOXA5;HOXA3;AJAP1;HOXA4;NDUFA4L2;LCN12;NAT8L;SLC25A38;MTMR12;SYT8;COL9A2;GDF15;RAI14;COL23A1;TRAK1;ATF5;SKAP2;SLC12A7;ADRA2C;GCNT2;ARRDC3;EXOC3;CREB5;MACC1;PLOD1;LRRIQ1;PLCB1;INTU;MYO10;LNPEP;MBD6;SPECC1;NREP;HES4;HIF3A;BRD9;RPS6KA2;TRIB3;RGL3;WSB1;ITGB8;RIC3;PGS1;DDIT4;HDAC9;RAB11FIP4;COL18A1;SLC2A1;UNC13D","","","","","SUPPORTED",1
"GSE158722","Epithelial","A_uncorrected","Epithelial__A_uncorrected__8",2081,13,13,"P11_Pre-treatment",0.991350312349832,"Epithelial","moderate","PAX8;EPCAM;WFDC2","Fibroblast","Cycling_high","CENPF;TUBA1B;STMN1",388,"READY_FOR_ANNOTATION",FALSE,"NPY;B4GALNT3;COL6A1;MAP2;DTNA;SLC6A12;WNK1;COL16A1;DPEP3;APOA1;CCDC77;ITFG2;UCHL1;ZNF692;TTC39C;SH3BP5L;FLCN;LAMA3;OSBPL1A;KDM5A","NPY;B4GALNT3;COL6A1;MAP2;DTNA;SLC6A12;WNK1;COL16A1;DPEP3;APOA1;CCDC77;ITFG2;UCHL1;ZNF692;TTC39C;SH3BP5L;FLCN;LAMA3;OSBPL1A;KDM5A;TULP3;NPC1;GPM6B;RNF43;ERC1;SCPEP1;MMP23B;ZNF397;APOE;TUBA1A;HDAC9;COL18A1;COL4A2;ZBTB20;MYRF;FOXM1;ELP2;ADIPOR2;AVIL;RAP1GAP;UGT2B7;FKBP4;ZNF672;LTBP4;PRKX;GCNT2;RIOK3;GALE;RAD9A;RPRD1A","","","","","SUPPORTED",1
"GSE158722","Epithelial","A_uncorrected","Epithelial__A_uncorrected__9",1945,4,4,"P14_Pre-treatment",0.998457583547558,"Epithelial","high","KRTCAP3;CLDN3;KRT19;KRT6A","Myeloid","Non_cycling","",1231,"READY_FOR_ANNOTATION",FALSE,"S100A7;ADGRG2;ZNF486;S100A8;LY6G6C;S100A9;BATF;C10orf99;PIFO;ADIRF;CRABP1;LAMA4;SOX18;GPR12;BST1;RNASE1;PAPSS2;DPEP3;GLIPR2;MX1","S100A7;ADGRG2;ZNF486;S100A8;LY6G6C;S100A9;BATF;C10orf99;PIFO;ADIRF;CRABP1;LAMA4;SOX18;GPR12;BST1;RNASE1;PAPSS2;DPEP3;GLIPR2;MX1;FAM3B;IDO1;SAA1;HEBP2;FBXO6;DUSP10;PPIL6;HOXD8;CCNO;RPS4X;CXCL17;EPSTI1;ETV7;MDH2;FBXO21;DECR1;HPSE;CSTB;ACSL5;MYCL;CCDC117;LEMD1;NUDT2;KRTCAP3;THSD4;GABRP;RPS12;RSPH1;GAS6;RPL30","","","","","SUPPORTED",3
"GSE158722","Fibroblast","A_uncorrected","Fibroblast__A_uncorrected__0",830,22,17,"P04_Time1",0.840963855421687,"Epithelial","high","KRT19;KRT5;KRT8;KRT18","Fibroblast","Non_cycling","",828,"REVIEW_LINEAGE_CONFLICT",TRUE,"SPRR2F;SST;OASL;PRR9;MX2;ISG15;SPON2;RSAD2;CLIC3;PODXL;IFIT1;IFI44L;GJB2;DDX58;MX1;LGALS2;HERC6;FGF1;OAS2;CRIP1","SPRR2F;SST;OASL;PRR9;MX2;ISG15;SPON2;RSAD2;CLIC3;PODXL;IFIT1;IFI44L;GJB2;DDX58;MX1;LGALS2;HERC6;FGF1;OAS2;CRIP1;WNT4;SERTM1;TPPP3;TMEM151A;IRF7;CCDC85C;DDX60;OGN;SMPD3;SAMD9;IFI6;LPAR5;PAEP;RPP25;HBEGF;ALDH1A1;IFIT3;LRRC1;PKP2;NSG1;OAS3;DDX60L;KALRN;UPK3B;USP18;APOA1;HHIPL1;PRR5;HERC5;NHSL1","","","","","SUPPORTED",4
"GSE158722","Fibroblast","A_uncorrected","Fibroblast__A_uncorrected__1",737,18,15,"P17_Pre-treatment",0.848032564450475,"Fibroblast","high","POSTN;FAP;LUM;DCN;COL1A2;COL6A2;COL6A1;COL3A1","Epithelial","Non_cycling","",484,"READY_FOR_ANNOTATION",FALSE,"SEMA3D;KRT7;LRRN1;MGAT4C;COLGALT2;POSTN;MMP24;PDGFRB;LDB2;SERPINB7;NFASC;FAP;ITIH5;ENPP1;PCDH7;CCBE1;JCHAIN;NOMO1;SPATA20;ALDH1A1","SEMA3D;KRT7;LRRN1;MGAT4C;COLGALT2;POSTN;MMP24;PDGFRB;LDB2;SERPINB7;NFASC;FAP;ITIH5;ENPP1;PCDH7;CCBE1;JCHAIN;NOMO1;SPATA20;ALDH1A1;LGI2;GRIA2;MYLK;CST6;DHRS9;RCAN2;LRP2;LUM;OLFML3;PTGDS;CRB2;GPC3;CPXM1;CD109;HSPA2;CLIC5;MMEL1;SULT1A1;THSD4;MMP15;ENPP2;SEMA3A;ELP5;TMEM176A;GLMP;FRMD4A;CLCN5;RBFOX1;ST3GAL5;KDR","","","","","SUPPORTED",6
"GSE158722","Fibroblast","A_uncorrected","Fibroblast__A_uncorrected__10",69,3,1,"P06_Time3",0.739130434782609,"Ambiguous","low","","T_cell","Non_cycling","",43,"REVIEW_AMBIGUOUS_LINEAGE",FALSE,"SCO2;ST6GALNAC6;POLR2J3;LBHD1;HIST1H2BK;ALDOA;U2AF1;ZC3H11A;FAM153B;MATR3;EGLN2;RAD50;AK1;C1orf50;POLD4;TJP2;PTPRS;KCNJ15;MKKS;CTSE","SCO2;ST6GALNAC6;POLR2J3;LBHD1;HIST1H2BK;ALDOA;U2AF1;ZC3H11A;FAM153B;MATR3;EGLN2;RAD50;AK1;C1orf50;POLD4;TJP2;PTPRS;KCNJ15;MKKS;CTSE;PLA2G12A;EIF4A1;ISCU;MX1;TMEM176A;JUN;PLA2G2A;OPTN;IFI6;ARPC1B;VAMP8;SOD2;BRI3;ISG15;HMGN3;RPL13A;SLC39A8;TPT1;TMSB4X;TOMM7;RPLP0;RPL7A;RPL9","","","","","INSUFFICIENT_CANONICAL_SUPPORT",0
"GSE158722","Fibroblast","A_uncorrected","Fibroblast__A_uncorrected__2",731,1,1,"P24_Post-treatment",1,"Epithelial","moderate","WFDC2;KRT5;MUC16","B_cell","Non_cycling","",874,"REVIEW_LINEAGE_CONFLICT",TRUE,"IL26;SAA4;SAA2;SAA1;STEAP4;CTSE;SYT4;HHIP;ITLN1;CXCL1;CXCL8;MT1G;CHAC1;MT1H;S100A9;CXCL6;IL6;SERPINB1;TRABD2B;VNN3","IL26;SAA4;SAA2;SAA1;STEAP4;CTSE;SYT4;HHIP;ITLN1;CXCL1;CXCL8;MT1G;CHAC1;MT1H;S100A9;CXCL6;IL6;SERPINB1;TRABD2B;VNN3;S100A8;IGFBP1;LTF;HP;BMP2;SERPINF1;CCNO;AQP3;RBP4;CRTAC1;CCL2;SIPA1L2;FST;PROSER2;SLC7A2;MT1M;INHBA;GFPT2;FAM124A;WFDC2;MARCH3;ATP10A;ATP7A;MT1X;DAW1;STEAP2;KRT5;PDIA2;CHI3L1;CD55","","","","","SUPPORTED",1
"GSE158722","Fibroblast","A_uncorrected","Fibroblast__A_uncorrected__3",720,17,14,"P16_Pre-treatment",0.808333333333333,"Mixed_or_doublet","moderate","MUC1;WFDC2","Fibroblast","Non_cycling","",231,"REVIEW_MIXED_OR_DOUBLET",TRUE,"HLA-DRB5;CP;CLDN7;HLA-DQB1;IL13RA2;CXCL14;BRINP2;RCAN2;MCOLN2;APOE;GRIA2;A1BG;S100A3;ENPP2;LCN2;PLAT;TGFB3;HLA-DRB1;SOD3;FTL","HLA-DRB5;CP;CLDN7;HLA-DQB1;IL13RA2;CXCL14;BRINP2;RCAN2;MCOLN2;APOE;GRIA2;A1BG;S100A3;ENPP2;LCN2;PLAT;TGFB3;HLA-DRB1;SOD3;FTL;RGS3;TDO2;MUC1;OSR1;TNFRSF9;KLK10;PRKCI;LGI2;CDC26;ADAMTS9;PHACTR2;RPS20;PRRX1;FLRT2;CPXM1;IGFBP2;CXCL12;MGMT;RPS29;GAS1;RPL13A;SNX10;KLK7;SEMA5A;RPS11;TOMM7;FAM162A;RPS27;MYL6B;C4orf3","","","","","CONFLICTING_LINEAGE_EVIDENCE",2
"GSE158722","Fibroblast","A_uncorrected","Fibroblast__A_uncorrected__4",422,3,3,"P24_Post-treatment",0.983412322274881,"Fibroblast","high","COL3A1;PDGFRA;COL1A1;COL1A2","Plasma_cell","Non_cycling","",932,"READY_FOR_ANNOTATION",FALSE,"TSLP;IL33;SMIM3;RGCC;PI3;PTX3;HSD11B1;C11orf96;IRX3;APOC1;CXCL3;FST;PTGS2;PILRA;TNFAIP6;PPP1R14C;TET3;CHST11;CCL7;G0S2","TSLP;IL33;SMIM3;RGCC;PI3;PTX3;HSD11B1;C11orf96;IRX3;APOC1;CXCL3;FST;PTGS2;PILRA;TNFAIP6;PPP1R14C;TET3;CHST11;CCL7;G0S2;SERPINF1;XYLT1;RRAD;CCDC71L;SERPINB4;ANGPTL4;HSD3B2;NGF;FN1;PRRX1;ZNF469;IL6;TMEM233;IGFBP3;SERPINB2;DUSP4;SLPI;SLC22A3;SERPINE1;CCL2;SAA2;PRKX;FOXC1;IGFBP7;RFLNB;SLC7A5;SAA4;NFATC2;SLC16A2;SAA1","","","","","SUPPORTED",3
"GSE158722","Fibroblast","A_uncorrected","Fibroblast__A_uncorrected__5",306,25,17,"P17_Pre-treatment",0.186274509803922,"Ambiguous","low","CD74","Fibroblast","Non_cycling","",185,"REVIEW_AMBIGUOUS_LINEAGE",FALSE,"CTNNB1;ARPC4;C6orf62;HNRNPH1;HMGA1;MGAT4B;ARCN1;PARP14;PPP1CB;EIF4H;NPEPPS;ARF3;CD82;CD74;IFIT1;RAD21;LGALS8;ZFP36L2;UPK1B;IFIT3","CTNNB1;ARPC4;C6orf62;HNRNPH1;HMGA1;MGAT4B;ARCN1;PARP14;PPP1CB;EIF4H;NPEPPS;ARF3;CD82;CD74;IFIT1;RAD21;LGALS8;ZFP36L2;UPK1B;IFIT3;GNB1;LAMP1;CCNL1;CTSZ;ACTN4;DDAH2;NCKAP1;AFDN;STRAP;SDC4;HDGF;ST3GAL5;NR2F1;MSLN;H1FX;TYMP;HNRNPH3;MLF2;THBS2;GTF3A;MELTF;TOR1AIP2;STAT1;APOL1;SRM;CXADR;TMEM219;PRELID1;COL5A1;VMP1","","","","","INSUFFICIENT_CANONICAL_SUPPORT",1
"GSE158722","Fibroblast","A_uncorrected","Fibroblast__A_uncorrected__6",301,18,13,"P04_Time1",0.27906976744186,"Epithelial","moderate","KRT18;KRT19","Fibroblast","Cycling_high","CCNB1;CDC20;CENPF;CCNB2;TOP2A;MKI67;UBE2C;CDK1;STMN1;HMGB2;TYMS;TUBA1B",594,"REVIEW_LINEAGE_CONFLICT",TRUE,"PLK1;CCNB1;CDC20;KIF14;HMMR;CENPF;CENPE;KIF20A;DLGAP5;NEK2;CCNB2;DEPDC1;CENPA;TOP2A;KIF4A;TPX2;CDKN3;NUF2;GTSE1;KIF11","PLK1;CCNB1;CDC20;KIF14;HMMR;CENPF;CENPE;KIF20A;DLGAP5;NEK2;CCNB2;DEPDC1;CENPA;TOP2A;KIF4A;TPX2;CDKN3;NUF2;GTSE1;KIF11;NUSAP1;KIF20B;BUB1;CEP55;CIT;BIRC5;ANLN;PRC1;KNL1;KIF2C;AURKA;MKI67;CDCA3;PBK;PRR11;CDCA2;BUB1B;SPAG5;CCNA2;PIMREG;ASPM;NDC80;PTTG1;SHCBP1;TACC3;FAM83D;KIF23;CKS2;KIFC1;SGO1","","","","","SUPPORTED",1
"GSE158722","Fibroblast","A_uncorrected","Fibroblast__A_uncorrected__7",237,11,9,"P24_Post-treatment",0.447257383966245,"Plasma_cell","moderate","DERL3;SDC1","Endothelial","Cycling_high","TYMS;CDK1;PCNA;HMGB2;MKI67;UBE2C;TOP2A;STMN1;CENPF;CCNB2;TUBA1B;CDC20",1663,"REVIEW_LINEAGE_CONFLICT",TRUE,"E2F7;CCNE2;ESCO2;FAM111B;CDC45;HIST1H1A;RAD54L;CLSPN;MCM10;ZNF367;RRM2;HIST1H1B;PKMYT1;EXO1;TCF19;ERCC6L;DTL;CDC25A;BRIP1;BLM","E2F7;CCNE2;ESCO2;FAM111B;CDC45;HIST1H1A;RAD54L;CLSPN;MCM10;ZNF367;RRM2;HIST1H1B;PKMYT1;EXO1;TCF19;ERCC6L;DTL;CDC25A;BRIP1;BLM;CENPU;CDT1;GINS2;WDR76;PAQR4;DNA2;ASF1B;MND1;ORC1;XRCC2;RMI2;HELLS;ATAD5;SLFN13;C21orf58;BRCA1;DDIAS;TYMS;E2F1;POLQ;UBE2T;CDK1;CHAF1A;PSMC3IP;EZH2;CENPM;SKA1;MCM5;CDC6;ORC6","","","","","SUPPORTED",1
"GSE158722","Fibroblast","A_uncorrected","Fibroblast__A_uncorrected__8",96,8,8,"P24_Post-treatment",0.5,"Ambiguous","low","","T_cell","Non_cycling","",297,"REVIEW_AMBIGUOUS_LINEAGE",FALSE,"DKK1;GDF15;P2RX7;TRIB3;PSAT1;TMEM217;VNN3;C15orf48;ALKAL2;SESN2;ASNS;AMPD3;BBC3;IRS2;DDIT3;MARCH9;TNFRSF11B;OSBPL8;MT1G;ATF3","DKK1;GDF15;P2RX7;TRIB3;PSAT1;TMEM217;VNN3;C15orf48;ALKAL2;SESN2;ASNS;AMPD3;BBC3;IRS2;DDIT3;MARCH9;TNFRSF11B;OSBPL8;MT1G;ATF3;MT1H;MAP3K7CL;SLC7A5;GDF5;RUBCNL;CYP1B1;PIK3IP1;NAV2;IFIT2;RRAD;PCK2;FBXO32;CDKN2B;CHI3L2;FRY;FILIP1L;HIST1H2AC;SLC3A2;PLEKHF1;TBX3;OCLN;BAMBI;RUNX2;SLFN5;FADS3;DDIT4;MOSPD1;SHC2;SQSTM1;SLC30A1","","","","","INSUFFICIENT_CANONICAL_SUPPORT",0
"GSE158722","Fibroblast","A_uncorrected","Fibroblast__A_uncorrected__9",89,6,4,"P08_Time3",0.303370786516854,"Epithelial","moderate","CLDN4;CLDN3;MUC1","Fibroblast","Non_cycling","",84,"REVIEW_LINEAGE_CONFLICT",TRUE,"FOSB;ENO2;NR4A1;FOS;BTG2;ATF3;NDRG1;IRF1;JUN;CLK1;EGR1;CLDN4;TRIB1;GOLGA8B;CLDN3;CCNL1;VEGFA;PPP1R15A;PLK3;HLA-DQB1","FOSB;ENO2;NR4A1;FOS;BTG2;ATF3;NDRG1;IRF1;JUN;CLK1;EGR1;CLDN4;TRIB1;GOLGA8B;CLDN3;CCNL1;VEGFA;PPP1R15A;PLK3;HLA-DQB1;TNFAIP3;HSPA1A;MUC1;KLF6;POSTN;WSB1;MAML2;HLA-DRB5;NFKBIZ;CHD2;RSRP1;VMP1;SLC25A36;CDON;MCL1;RNMT;RHOB;MED13L;TRA2B;ZFP36L1;DUSP1;RND3;COL18A1;SREK1;ZFP36L2;JUND;TEAD1;GLS;H1FX;DST","","","","","SUPPORTED",1
"GSE158722","Myeloid","A_uncorrected","Myeloid__A_uncorrected__0",1407,9,7,"P07_Time2",0.975124378109453,"Myeloid","high","CTSD;C1QA;C1QB;AIF1;SPP1;TYROBP","Plasma_cell","Non_cycling","",57,"READY_FOR_ANNOTATION",FALSE,"MARCO;CALR;TIMP1;RNASE1;AP2M1;CTSD;BCL2A1;CD99;C1QA;C1QB;SET;IFI6;LY6E;AIF1;BLVRA;BLVRB;IFITM3;FTL;EIF5A;CTSA","MARCO;CALR;TIMP1;RNASE1;AP2M1;CTSD;BCL2A1;CD99;C1QA;C1QB;SET;IFI6;LY6E;AIF1;BLVRA;BLVRB;IFITM3;FTL;EIF5A;CTSA;FN1;TUBA1C;SPP1;PPP1CA;TAGLN2;IFI35;FKBP8;UBE2L6;LGALS1;PDIA6;BAX;TYROBP;HLA-C;FLOT1;UCP2;PSME2;YWHAE;HNRNPH1;BSG;LILRB4;DHRS3;LAMP1;ATOX1;SSR4;BCAP31;CFL1;GNB2;S100A10;COX5B;DRAP1","","","","","SUPPORTED",1
"GSE158722","Myeloid","A_uncorrected","Myeloid__A_uncorrected__1",934,10,7,"P07_Time2",0.938972162740899,"Myeloid","moderate","CTSS;LYZ;SPP1","NK_cell","Non_cycling","",348,"READY_FOR_ANNOTATION",FALSE,"FFAR2;SNX18;CCL2;LILRB1;IL1B;BACH1;BCL6;HPSE;TNFAIP3;CXCL10;CD300E;FPR1;APOBEC3A;H1F0;VCAN;MPEG1;DEFB1;PTGER2;CCL8;CCDC71L","FFAR2;SNX18;CCL2;LILRB1;IL1B;BACH1;BCL6;HPSE;TNFAIP3;CXCL10;CD300E;FPR1;APOBEC3A;H1F0;VCAN;MPEG1;DEFB1;PTGER2;CCL8;CCDC71L;RCBTB2;RAB32;ASGR1;AGFG1;TOR1B;NCF1;PYURF;DSE;RNF19B;ADM;C3AR1;RASSF2;CD93;SLC25A37;TNFAIP8;RFLNB;LILRA5;B4GALT5;KLF13;TMEM167A;SELL;DUSP6;FAM49A;TLR1;RGL1;EML4;NT5C2;PIM1;MYO1G;HERC5","","","","","SUPPORTED",1
"GSE158722","Myeloid","A_uncorrected","Myeloid__A_uncorrected__2",381,24,17,"P07_Time1",0.719160104986877,"Myeloid","high","C1QC;APOE;C1QB;C1QA;MS4A7;TREM2","B_cell","Non_cycling","",1095,"READY_FOR_ANNOTATION",FALSE,"SELENOP;NUPR1;PDK4;RND3;GPR155;HSPA1A;CXADR;TSPAN13;CD28;DST;FOSB;A2M;ABHD5;COLEC12;SCD;NR4A2;BHLHE41;EPB41L2;C1QC;SLC12A7","SELENOP;NUPR1;PDK4;RND3;GPR155;HSPA1A;CXADR;TSPAN13;CD28;DST;FOSB;A2M;ABHD5;COLEC12;SCD;NR4A2;BHLHE41;EPB41L2;C1QC;SLC12A7;DNAJB1;APOE;RASGRP3;FRMD4A;HSPH1;PDE4DIP;ATP1B1;STARD4;SLC1A3;TMEM140;C2;ABCC3;CTTNBP2NL;RGS1;HERC4;FRMD4B;CYP27A1;SLC2A5;TFRC;ZNF331;FOLR2;OGT;SGK1;EGR2;NR4A1;KLF2;TBC1D2B;CLIP4;MAF;RHOB","","","","","SUPPORTED",3
"GSE158722","Myeloid","A_uncorrected","Myeloid__A_uncorrected__3",328,10,8,"P07_Time2",0.823170731707317,"B_cell","moderate","HLA-DRA;CD74","Dendritic","Cycling_possible","TUBA1B",106,"REVIEW_LINEAGE_CONFLICT",TRUE,"HLA-DQA2;HLA-DPB1;HLA-DQA1;HLA-DPA1;CKLF;PPA1;ALOX5AP;HLA-DQB1;CAPG;RPL26;RPL10A;HLA-DRB5;HLA-DRB1;HLA-DMA;PLAC8;RPL23A;EIF3K;RPS13;RPS27;RPS7","HLA-DQA2;HLA-DPB1;HLA-DQA1;HLA-DPA1;CKLF;PPA1;ALOX5AP;HLA-DQB1;CAPG;RPL26;RPL10A;HLA-DRB5;HLA-DRB1;HLA-DMA;PLAC8;RPL23A;EIF3K;RPS13;RPS27;RPS7;HLA-DRA;CST3;RPL35A;RPL11;RPS4X;RPL30;RPL18A;RPL34;RPS10;RPL10;RPL21;RPS12;RPL5;RPS23;RPS5;RPL29;RPL3;RPL19;RPS18;RPS15A;RPL7A;RPS2;RPS3A;RPS14;RPS9;RPL15;CD74;RPS25;RPS15;RPS6","","","","","SUPPORTED",1
"GSE158722","Myeloid","A_uncorrected","Myeloid__A_uncorrected__4",305,8,6,"P07_Time1",0.957377049180328,"B_cell","moderate","CD83;CD74;HLA-DRA","Myeloid","Non_cycling","",907,"REVIEW_LINEAGE_CONFLICT",TRUE,"NR4A1;NR4A3;EGR3;ZNF331;HBEGF;IL10;NR4A2;AREG;RGS2;MMP19;EGR2;SDS;VEGFA;FOSB;ATF3;IL1RN;EGR1;EREG;THBD;RGS1","NR4A1;NR4A3;EGR3;ZNF331;HBEGF;IL10;NR4A2;AREG;RGS2;MMP19;EGR2;SDS;VEGFA;FOSB;ATF3;IL1RN;EGR1;EREG;THBD;RGS1;ZFP36L2;RHOB;CD69;PDK4;FOS;SGK1;GPR183;TFRC;PLA2G7;CCNH;MAT2A;HES4;CXCR4;TMEM170B;PHACTR1;GK;FOSL2;NFIL3;PHLDA1;SERINC5;CREM;FAM102B;TGIF1;DUSP1;HERPUD1;MCL1;SH3BP5;CBWD2;SATB1;CSRNP1","","","","","SUPPORTED",2
"GSE158722","Myeloid","A_uncorrected","Myeloid__A_uncorrected__5",171,4,3,"P07_Time2",0.970760233918129,"Epithelial","high","EPCAM;KRT18;MUC1;WFDC2;KRT8;KRT19","T_cell","Non_cycling","",31,"REVIEW_LINEAGE_CONFLICT",TRUE,"LCN2;PDZK1IP1;ELF3;IGFBP2;BCAM;EPCAM;SLPI;KRT18;MUC1;WFDC2;KRT8;LRRC75A;KRT19;SDC4;SPINT2;MT1E;YWHAE;IFI27;RPL14;RPS27A","LCN2;PDZK1IP1;ELF3;IGFBP2;BCAM;EPCAM;SLPI;KRT18;MUC1;WFDC2;KRT8;LRRC75A;KRT19;SDC4;SPINT2;MT1E;YWHAE;IFI27;RPL14;RPS27A;RPL8;RPS3;RPSA;RPS29;RPS18;RPS16;RPL15;RPS12;RPL32;RPL37;LY6E","","","","","SUPPORTED",0
"GSE158722","Myeloid","A_uncorrected","Myeloid__A_uncorrected__6",78,1,1,"P04_Time3",1,"Myeloid","moderate","LGALS3;LYZ","Endothelial","Cycling_possible","PCNA;HMGB2",923,"READY_FOR_ANNOTATION",FALSE,"SLC7A11;SERPINB2;MET;HEY1;NEU4;PRDM8;HCAR3;SPSB1;FGFR1;NRIP3;IRS2;THRA;CXCL8;SMOX;DUSP10;CD109;IL3RA;THAP2;IFITM10;SLC25A34","SLC7A11;SERPINB2;MET;HEY1;NEU4;PRDM8;HCAR3;SPSB1;FGFR1;NRIP3;IRS2;THRA;CXCL8;SMOX;DUSP10;CD109;IL3RA;THAP2;IFITM10;SLC25A34;SPRY2;KLHL21;RUNX3;GCLC;DHRS9;SDC2;RGCC;MAP4K3;SLC38A1;TMEM158;RFX2;AREG;EREG;BASP1;JAG1;TMEM70;SLC26A11;CHKA;RNF24;S100A12;LGALS3;ZNF668;USP38;SLC1A4;PPP1R15A;RB1CC1;ITGB8;BPGM;FEM1C;NEDD4L","","","","","SUPPORTED",1
"GSE158722","T_NK","A_uncorrected","T_NK__A_uncorrected__0",725,1,1,"P04_Time3",1,"Mixed_or_doublet","moderate","CD3G;ITK;CD3D","B_cell","Cycling_possible","HMGB2",544,"REVIEW_MIXED_OR_DOUBLET",TRUE,"POU3F1;PARD6G;ST8SIA1;IFNG;FAM160B1;PELO;CD8B;HLA-DRB1;FAM102A;PDE4DIP;CXCR3;F2R;HAUS3;PMAIP1;ITM2C;DUSP4;PPP1R16B;SLC30A1;ODC1;CCDC6","POU3F1;PARD6G;ST8SIA1;IFNG;FAM160B1;PELO;CD8B;HLA-DRB1;FAM102A;PDE4DIP;CXCR3;F2R;HAUS3;PMAIP1;ITM2C;DUSP4;PPP1R16B;SLC30A1;ODC1;CCDC6;SAP30;FABP5;CD8A;IL6ST;GGA2;HLA-DRA;MT1E;TLE3;PDCL3;CNBD2;HERPUD1;MT1F;YARS;UBL3;LDLRAD4;ARHGEF7;UHRF2;ERN1;SYNJ2;B4GALT5;TSPYL2;SYAP1;GCHFR;DUSP10;STX11;KRT10;TBC1D2B;TNFAIP3;TUBA4A;LYAR","","","","","CONFLICTING_LINEAGE_EVIDENCE",2
"GSE158722","T_NK","A_uncorrected","T_NK__A_uncorrected__1",570,8,6,"P07_Time1",0.924561403508772,"NK_cell","high","KLRC1;XCL1;XCL2;GNLY;KLRF1;KLRD1;CTSW;PRF1;NKG7","Myeloid","Non_cycling","",710,"READY_FOR_ANNOTATION",FALSE,"ITGAX;KLRC1;ADGRG3;XCL1;IL2RB;ATP8B4;STARD3NL;LAT2;FCER1G;XCL2;NCAM1;CD160;CD38;RNF165;TYROBP;NDFIP2;SH2D1B;CAPN12;TXK;TNFRSF18","ITGAX;KLRC1;ADGRG3;XCL1;IL2RB;ATP8B4;STARD3NL;LAT2;FCER1G;XCL2;NCAM1;CD160;CD38;RNF165;TYROBP;NDFIP2;SH2D1B;CAPN12;TXK;TNFRSF18;RAB37;CD300A;SLC16A3;GNLY;KLRC4;TMIGD2;CCR1;CLIC3;IGFBP2;MCTP2;KLRF1;NCR3;HOPX;IFITM3;PYCARD;AOAH;APOBEC3G;AREG;BST2;KLRB1;MRPS6;DHRS3;MPST;ILK;PTGDR;MATK;KLRD1;GLIPR2;CD151;FAM3C","","","","","SUPPORTED",4
"GSE158722","T_NK","A_uncorrected","T_NK__A_uncorrected__2",487,18,14,"P07_Time1",0.714579055441479,"T_cell","high","IL7R;LTB;CD3D;CD3G;LCK;BCL11B;CD3E;CD2;GIMAP7","Myeloid","Non_cycling","",245,"READY_FOR_ANNOTATION",FALSE,"IL7R;KLRG1;GPR171;CD84;TRADD;LTB;GIMAP4;CD3D;NOSIP;RIPOR2;SELL;CD3G;ANXA6;CLEC2D;LAG3;GPR155;TIMP1;ICAM2;LCK;CD8A","IL7R;KLRG1;GPR171;CD84;TRADD;LTB;GIMAP4;CD3D;NOSIP;RIPOR2;SELL;CD3G;ANXA6;CLEC2D;LAG3;GPR155;TIMP1;ICAM2;LCK;CD8A;JUNB;DDX60;MYBL1;CASP1;IL32;GIMAP1;ARHGAP15;GPR183;RGS1;CD27;TNFRSF1B;PRMT1;MX2;IFIT2;CCDC107;IFI27;GPSM3;ARPC1B;GBP1;DDX60L;BCL11B;ATP1A1;PRKCB;ADD3;RBL2;BIRC3;PPM1K;CLNS1A;MGST3;PARP10","","","","","SUPPORTED",1
"GSE158722","T_NK","A_uncorrected","T_NK__A_uncorrected__3",328,1,1,"P04_Time3",1,"Ambiguous","low","XBP1","Epithelial","Non_cycling","",598,"REVIEW_AMBIGUOUS_LINEAGE",FALSE,"MAL;IRS2;MT1X;FURIN;TNFSF8;SESN3;CHD7;KDSR;CITED4;OSBPL10;LEF1;NPDC1;RIC3;FBXO32;SNX9;DNAJB9;NOP16;TP53BP2;RGS16;CISH","MAL;IRS2;MT1X;FURIN;TNFSF8;SESN3;CHD7;KDSR;CITED4;OSBPL10;LEF1;NPDC1;RIC3;FBXO32;SNX9;DNAJB9;NOP16;TP53BP2;RGS16;CISH;MT1G;CD4;PCGF5;MT1E;AQP3;MT2A;TNFRSF25;PELI1;GNL3;S1PR1;TRAT1;POLR3H;SERINC5;CMTM6;RNF145;TMEM173;MXI1;SYNJ2;WDR43;YPEL2;CBFB;DDX21;CORO1B;CHMP7;NOLC1;RPL4;BCL2;ARHGAP5;RPL37;TPT1","","","","","INSUFFICIENT_CANONICAL_SUPPORT",0
"GSE158722","T_NK","A_uncorrected","T_NK__A_uncorrected__4",262,1,1,"P04_Time3",1,"NK_cell","high","FGFBP2;KLRD1;PRF1;CTSW;NKG7","Plasma_cell","Cycling_possible","TUBA1B",221,"READY_FOR_ANNOTATION",FALSE,"FGFBP2;TLE1;SPON2;AKR1C3;N4BP3;CEBPD;PTPRE;ZBTB16;VAV3;NR1D2;MGAT4A;GLUL;SMAD7;BHLHE40;SNX18;KLF3;AREG;OGFRL1;SKI;ZBTB43","FGFBP2;TLE1;SPON2;AKR1C3;N4BP3;CEBPD;PTPRE;ZBTB16;VAV3;NR1D2;MGAT4A;GLUL;SMAD7;BHLHE40;SNX18;KLF3;AREG;OGFRL1;SKI;ZBTB43;MEX3C;LUZP1;KLF9;PSME4;NPC1;GADD45B;MAPK1;ANKRD28;ZEB2;FKBP11;FOXN3;FNIP1;MYLIP;TFDP2;HMGXB3;SH3BP5;KLF13;GMCL1;DUSP10;MGAT1;UPP1;DDIT3;ZNF335;COG3;SLC6A6;BCL9L;UBE2Q2;PLEC;MAP2K7;MAP1LC3B","","","","","SUPPORTED",2
"GSE158722","T_NK","A_uncorrected","T_NK__A_uncorrected__5",119,7,7,"P23_Post-treatment",0.907563025210084,"Epithelial","high","WFDC2;EPCAM;CLDN3;KRT7;KRT18;MUC1;KRT8;KRT19","NK_cell","Non_cycling","",89,"REVIEW_LINEAGE_CONFLICT",TRUE,"S100A9;RBP1;WFDC2;SLPI;EPCAM;BCAT1;MDK;MAL2;CLDN3;CD9;APP;KRT7;KRT18;MUC1;KRT8;KRT19;CST3;SPINT2;CTSZ;IGFBP2","S100A9;RBP1;WFDC2;SLPI;EPCAM;BCAT1;MDK;MAL2;CLDN3;CD9;APP;KRT7;KRT18;MUC1;KRT8;KRT19;CST3;SPINT2;CTSZ;IGFBP2;FKBP2;C1orf162;MRPL51;FCER1G;NDUFS6;HSBP1;SSR4;HIST1H4C;GSTP1;BCAP31;CMC1;RPL13A;XCL1;NDUFB2;XCL2;S100A11;IFITM2;KLRC1;EIF3G;S100A6;TYROBP;RPS20;RPS26;RPL31;RPL7;KLRD1;PABPC1;RPS11;TOMM7;NKG7","","","","","SUPPORTED",6
"GSE158722","T_NK","A_uncorrected","T_NK__A_uncorrected__6",107,9,6,"P07_Time1",0.785046728971963,"Ambiguous","low","","T_cell","Non_cycling","",46,"REVIEW_AMBIGUOUS_LINEAGE",FALSE,"RTKN2;IL2RA;IKZF2;FOXP3;NABP1;NFAT5;SPATS2L;DDX60L;TNFRSF1B;CYB5B;LENG8;VPS13C;PARP14;SLFN12L;TRIM38;ANKRD44;ATF7IP;IFI44L;BATF;TRIM14","RTKN2;IL2RA;IKZF2;FOXP3;NABP1;NFAT5;SPATS2L;DDX60L;TNFRSF1B;CYB5B;LENG8;VPS13C;PARP14;SLFN12L;TRIM38;ANKRD44;ATF7IP;IFI44L;BATF;TRIM14;CLEC2D;ASH1L;ATRX;MAF;LPP;PHACTR2;DDX17;CELF1;SMCHD1;RASGRP1;VMP1;IFI27;ODF2L;FYB1;SAT1;MX2;SAMHD1;SYNE2;SELL;IFI44;SAMD9L;RORA;USP15;NKTR;N4BP2L2;PTPRC","","","","","INSUFFICIENT_CANONICAL_SUPPORT",0
"GSE158722","T_NK","A_uncorrected","T_NK__A_uncorrected__7",87,2,1,"P07_Time1",0.701149425287356,"NK_cell","high","FCGR3A;KLRF1;PRF1;GNLY;NKG7;KLRD1;FGFBP2","Myeloid","Non_cycling","",120,"READY_FOR_ANNOTATION",FALSE,"MYOM2;PTGDS;FCGR3A;AKR1C3;PRSS23;GZMB;IGFBP7;SPON2;KLRF1;ANXA4;GK5;RNF165;ADGRG1;SH2D1B;PRF1;IFIT3;PLAC8;CLIC3;TTC38;ICAM2","MYOM2;PTGDS;FCGR3A;AKR1C3;PRSS23;GZMB;IGFBP7;SPON2;KLRF1;ANXA4;GK5;RNF165;ADGRG1;SH2D1B;PRF1;IFIT3;PLAC8;CLIC3;TTC38;ICAM2;CD79B;PATL2;SYTL2;YPEL1;IFIT1;HAVCR2;GNLY;CD38;HIST1H1E;CD300A;TYROBP;DECR1;LAT2;DCXR;METRNL;CST7;ALOX5AP;IFI35;AOAH;HSH2D;EFHD2;NKG7;IFITM3;IFI6;IFIT2;BAX;TPST2;KLRD1;MYBL1;ISG15","","","","","SUPPORTED",3
"GSE158722","T_NK","A_uncorrected","T_NK__A_uncorrected__8",53,1,1,"P04_Time3",1,"T_cell","moderate","LTB;CD247;CD3D","B_cell","Non_cycling","",286,"READY_FOR_ANNOTATION",FALSE,"PMCH;LAYN;ZG16B;ZC2HC1A;FOXP3;MYB;LAIR2;IKZF4;PHLDA2;GADD45A;COL9A2;ERI1;IL2RA;TOX2;ICA1;HLA-DQA2;SGK1;GEN1;DGKE;SLC26A11","PMCH;LAYN;ZG16B;ZC2HC1A;FOXP3;MYB;LAIR2;IKZF4;PHLDA2;GADD45A;COL9A2;ERI1;IL2RA;TOX2;ICA1;HLA-DQA2;SGK1;GEN1;DGKE;SLC26A11;HLA-DQA1;PRNP;CCNG2;HAPLN3;TNFRSF9;SLC37A3;HLA-DQB1;FAM126A;SETD7;FXYD1;MAGEH1;STX11;HPGD;CMTM6;ZNF821;SLC35E3;ST8SIA4;GNAQ;NPDC1;BATF;BARD1;CTLA4;SLAMF1;STAM;LTB;PHTF2;HLA-DRB1;SLC1A4;MAP4K4;RHBDD2","","","","","SUPPORTED",2
"GSE158722","T_NK","A_uncorrected","T_NK__A_uncorrected__9",29,1,1,"P04_Time3",1,"B_cell","high","CD22;CD79A;MS4A1;TNFRSF13C;BANK1;CD83;CD79B;HLA-DRA;CD74","Epithelial","Non_cycling","",176,"REVIEW_LINEAGE_CONFLICT",TRUE,"CD22;CD79A;MS4A1;TNFRSF13C;COBLL1;BCL11A;BANK1;BASP1;ICOSLG;SWAP70;IRF8;BLK;HHEX;NEIL1;PHACTR1;CD83;GNA12;TCF4;RIPOR1;YBX3","CD22;CD79A;MS4A1;TNFRSF13C;COBLL1;BCL11A;BANK1;BASP1;ICOSLG;SWAP70;IRF8;BLK;HHEX;NEIL1;PHACTR1;CD83;GNA12;TCF4;RIPOR1;YBX3;CHPT1;RALGPS2;BCL7A;SETBP1;ABCA1;IFNGR2;FAM43A;PAWR;TMEM38B;CXXC5;HLA-DMB;ZNF821;MKNK2;CD79B;PRR7;BHLHE41;PRKCE;TLE1;LYN;CNR2;ID3;HLA-DRA;TOR3A;RGS2;NDUFAF6;USP12;IFT57;TTC7A;FXYD7;TAPT1","","","","","SUPPORTED",0
"GSE158722","Unresolved_review","A_uncorrected","Unresolved_review__A_uncorrected__0",813,13,10,"P07_Time2",0.944649446494465,"Myeloid","high","APOE;CD14;SPP1;TYROBP;FCER1G;AIF1;LYZ;CTSD;CTSS","Epithelial","Cycling_possible","UBE2C;TUBA1B",164,"REVIEW_UNRESOLVED_LINEAGE",FALSE,"APOBEC3A;APOE;FCN1;CD14;SPP1;FCGR3A;S100A9;MARCO;S100A8;LRRC75A;PDZK1IP1;SAA1;SLC34A2;CD163;UBE2C;FABP5;TYROBP;CTSL;RNASE1;MAFB","APOBEC3A;APOE;FCN1;CD14;SPP1;FCGR3A;S100A9;MARCO;S100A8;LRRC75A;PDZK1IP1;SAA1;SLC34A2;CD163;UBE2C;FABP5;TYROBP;CTSL;RNASE1;MAFB;CD68;CCL2;LY6E;BCAM;FCER1G;FTL;AIF1;WFDC2;SLC40A1;LYZ;GLUL;LCN2;IFI27;UBE2S;KCTD12;SDC4;SRGN;CTSD;S100A11;MAF1;IFI6;YBX1;ITGB2;YWHAE;CYC1;ISG15;MYL9;CTSZ;BRI3;USP1","","","","","SUPPORTED",4
"GSE158722","Unresolved_review","A_uncorrected","Unresolved_review__A_uncorrected__1",685,20,14,"P08_Time1",0.607299270072993,"Fibroblast","high","FAP;PDGFRA;COL6A2;COL1A1;COL6A1;COL1A2;COL3A1","Epithelial","Non_cycling","",921,"REVIEW_UNRESOLVED_LINEAGE",FALSE,"RBFOX1;CDON;FAP;NDRG1;PDGFRA;CRISPLD2;RDH13;CRY1;GPRC5A;PDLIM3;PDK1;ROR2;PGAP1;LIF;DDR2;FOSB;GRIA2;HK2;DTNA;SLC16A1","RBFOX1;CDON;FAP;NDRG1;PDGFRA;CRISPLD2;RDH13;CRY1;GPRC5A;PDLIM3;PDK1;ROR2;PGAP1;LIF;DDR2;FOSB;GRIA2;HK2;DTNA;SLC16A1;RIPOR3;PLEKHG3;HILPDA;THBS2;CDKN1C;PLAGL1;PLAT;MAPK10;FEM1C;CNKSR3;ERRFI1;PLOD2;WSB1;MST1;MEIS2;ITGA5;SPEG;MAML2;VCAM1;HDAC7;SOX6;ATP13A3;TIPARP;MAFF;ST3GAL5;F3;RND3;WDFY1;PDE4D;PPP1R12B","","","","","SUPPORTED",2
"GSE158722","Unresolved_review","A_uncorrected","Unresolved_review__A_uncorrected__2",230,10,8,"P01_Time1",0.934782608695652,"Epithelial","high","TACSTD2;MUC16;KRT19;KRTCAP3;KRT17;PAX8;KRT7","Fibroblast","Cycling_high","CENPF;CCNB1;TOP2A;PCNA;MKI67;STMN1",2388,"REVIEW_UNRESOLVED_LINEAGE",FALSE,"AMY1A;AMY1C;C4A;AMY1B;HIST2H2AA3;FMO3;SCGB2A2;RPL36A-HNRNPH2;PIGY;BCL2L2-PABPN1;BOLA2;LUZP6;POC1B-GALNT4;ST20-MTHFS;SERF1B;OVCA2;SULT1A4;SLX1B;RPS10-NUDT3;MUCL1","AMY1A;AMY1C;C4A;AMY1B;HIST2H2AA3;FMO3;SCGB2A2;RPL36A-HNRNPH2;PIGY;BCL2L2-PABPN1;BOLA2;LUZP6;POC1B-GALNT4;ST20-MTHFS;SERF1B;OVCA2;SULT1A4;SLX1B;RPS10-NUDT3;MUCL1;NPIPA8;NPIPB3;SLX1A;PSCA;NME2;FMO2;EEF1G;TOMM6;NLRP7;IL2RB;BSCL2;SLCO1B3;SCGB1D2;SPDEF;PROM1;HIST1H2BK;TMEM35B;ITLN1;SMN2;DBNDD2;FAM107A;EHF;CXCL17;VTCN1;MRPS24;TRAPPC5;NOMO2;CYP51A1;AKAP2;EYA2","","","","","SUPPORTED",5
"GSE158722","Unresolved_review","A_uncorrected","Unresolved_review__A_uncorrected__3",160,13,9,"P07_Time2",0.53125,"Mixed_or_doublet","high","LYZ;LST1;AIF1;FCER1G;CTSS","B_cell","Cycling_possible","TUBA1B",414,"REVIEW_UNRESOLVED_LINEAGE",TRUE,"CLEC9A;CLNK;CST7;C1orf54;JAML;LGALS2;CD226;CPVL;SLAMF7;DNASE1L3;CSF2RA;BATF3;PKIB;VMO1;CST3;EVI2A;NAAA;WDFY4;ENTPD1;HLA-DPA1","CLEC9A;CLNK;CST7;C1orf54;JAML;LGALS2;CD226;CPVL;SLAMF7;DNASE1L3;CSF2RA;BATF3;PKIB;VMO1;CST3;EVI2A;NAAA;WDFY4;ENTPD1;HLA-DPA1;HLA-DQA1;HLA-DPB1;AREG;RGCC;APOBR;CCND1;ITGAX;CLECL1;C20orf27;MPEG1;CLEC7A;SLC8A1;DAPP1;FGL2;BASP1;LSP1;DENND1B;HLA-DRB5;RGS10;HLA-DQB1;HLA-DQA2;CD74;KCNK6;HLA-DRB1;PTGER4;IRF8;HLA-DRA;MS4A6A;TSPAN33;HLA-DMB","","","","","CONFLICTING_LINEAGE_EVIDENCE",4
"GSE158722","Unresolved_review","A_uncorrected","Unresolved_review__A_uncorrected__4",147,21,16,"P07_Time2",0.204081632653061,"Epithelial","moderate","KRT8;KRT19;KRT18","Fibroblast","Non_cycling","",68,"REVIEW_UNRESOLVED_LINEAGE",FALSE,"CAV1;IGFBP6;MGP;IGFBP4;THY1;DES;LGALS1;NNMT;S100A16;RARRES2;SPARC;CAVIN1;PLS3;S100A10;MT2A;PTGIS;TIMP1;PDLIM1;MT1X;S100A6","CAV1;IGFBP6;MGP;IGFBP4;THY1;DES;LGALS1;NNMT;S100A16;RARRES2;SPARC;CAVIN1;PLS3;S100A10;MT2A;PTGIS;TIMP1;PDLIM1;MT1X;S100A6;VIM;KRT8;MT1E;UBB;COL3A1;ANXA2;ANXA5;RPS26;KRT19;KRT18;RPLP0;RPL13A;TPT1;RPL6;RPL7A;RPL29;RPL37A;ACTG1;RPL10A;NACA;RPS28;RACK1;MYL6;RPS4X;IFITM3;GAPDH;RPL36;SERF2;RPL3;TMSB10","","","","","SUPPORTED",1
"GSE158722","Unresolved_review","A_uncorrected","Unresolved_review__A_uncorrected__5",140,7,5,"P07_Time1",0.842857142857143,"B_cell","high","VPREB3;MS4A1;CD79B;CD19;CD79A;TNFRSF13C;BANK1;CD22;CD37;CD83;HLA-DRA;CD74","T_cell","Non_cycling","",372,"REVIEW_UNRESOLVED_LINEAGE",FALSE,"VPREB3;PAX5;TNFRSF13B;MS4A1;CD79B;CD19;CD79A;TNFRSF13C;P2RX5;BLK;RHOH;LTB;BANK1;FCMR;CXCR4;CD69;CD22;TMEM156;CD37;RCSD1","VPREB3;PAX5;TNFRSF13B;MS4A1;CD79B;CD19;CD79A;TNFRSF13C;P2RX5;BLK;RHOH;LTB;BANK1;FCMR;CXCR4;CD69;CD22;TMEM156;CD37;RCSD1;AFF3;CCR7;HVCN1;PARP15;CLEC2D;IKZF3;SP140;S1PR4;GNG7;CD48;BTG1;SMAP2;PPM1K;ARHGAP24;TSC22D3;TBC1D10C;ZBP1;ISG20;RASGRP2;BCL2;ARHGAP25;STK17A;ACAP1;KIAA0040;BCAS4;TRAF3IP3;SELL;TMEM154;BCL11A;POU2F2","","","","","SUPPORTED",1
"GSE158722","Unresolved_review","A_uncorrected","Unresolved_review__A_uncorrected__6",86,8,5,"P07_Time2",0.593023255813954,"Mixed_or_doublet","high","GZMB;IL3RA;CLEC4C;LILRA4","Plasma_cell","Non_cycling","",319,"REVIEW_UNRESOLVED_LINEAGE",TRUE,"SCT;PTCRA;PROC;LAMP5;MAP1A;SHD;GZMB;SCAMP5;IL3RA;MZB1;CLEC4C;JCHAIN;SCN9A;LILRA4;SERPINF1;PLD4;SMPD3;TSPAN13;DERL3;CLIC3","SCT;PTCRA;PROC;LAMP5;MAP1A;SHD;GZMB;SCAMP5;IL3RA;MZB1;CLEC4C;JCHAIN;SCN9A;LILRA4;SERPINF1;PLD4;SMPD3;TSPAN13;DERL3;CLIC3;PFKFB2;IRF4;SPIB;PTGDS;CXCR3;CSF2RB;MAP2K6;ITM2C;CBFA2T3;CIB2;SUSD1;ALOX5AP;PLAC8;RUNX2;IRF8;SLC15A4;SMIM3;BCL11A;CD4;CYB561A3;CYFIP2;BCL7A;CDKN2D;C12orf75;IRF7;PAG1;TMEM19;CYTH4;RASSF2;LILRB4","","","","","CONFLICTING_LINEAGE_EVIDENCE",4
"GSE158722","Unresolved_review","A_uncorrected","Unresolved_review__A_uncorrected__7",39,4,2,"P02_Time3",0.692307692307692,"Mixed_or_doublet","high","SPP1;AIF1;MS4A7;CTSS;LYZ;LGALS3;CD14;CTSD;LST1","Epithelial","Cycling_high","CENPF;CCNB1;TUBA1B;MKI67;TOP2A;STMN1;HMGB2",2411,"REVIEW_UNRESOLVED_LINEAGE",TRUE,"MTRNR2L10;PABPC3;IGF2;NACA2;CALB1;RPL10L;MTRNR2L1;MTRNR2L3;SERPINA5;ATP6V0C;IFI30;TNFSF8;MAL;WNT11;PPIAL4G;DIABLO;MTRNR2L6;CA2;SCO2;MTRNR2L8","MTRNR2L10;PABPC3;IGF2;NACA2;CALB1;RPL10L;MTRNR2L1;MTRNR2L3;SERPINA5;ATP6V0C;IFI30;TNFSF8;MAL;WNT11;PPIAL4G;DIABLO;MTRNR2L6;CA2;SCO2;MTRNR2L8;LAMA3;BCKDHA;ABCB1;EDARADD;TUBB3;MUC20;ADGRE2;MUC4;DBNDD2;FGF12;F13A1;H3F3C;TSPAN1;C19orf33;LEMD1;GET4;MECOM;P2RY1;LTBP1;CLEC5A;CD93;MAP1LC3B2;ABCF2;LAMC2;TMEM35B;ARHGAP19;ZNF564;GABARAP;MRPL53;ALDOA","","","","","CONFLICTING_LINEAGE_EVIDENCE",8
"GSE158722","Unresolved_review","A_uncorrected","Unresolved_review__A_uncorrected__8",33,3,3,"P06_Time2",0.939393939393939,"Fibroblast","high","COL3A1;COL6A1;COL1A2;COL6A2","Epithelial","Non_cycling","",1155,"REVIEW_UNRESOLVED_LINEAGE",FALSE,"TECRL;CCDC39;ADGRG7;POLR2J3;KCNT2;MTRNR2L8;FAM153B;ZBED6;WDR72;NUDT6;FGF9;GLI2;ANKRD18A;EPPIN;ADAMTS9;TMTC2;SLC35E2B;TBX18;ATXN7;PLCL1","TECRL;CCDC39;ADGRG7;POLR2J3;KCNT2;MTRNR2L8;FAM153B;ZBED6;WDR72;NUDT6;FGF9;GLI2;ANKRD18A;EPPIN;ADAMTS9;TMTC2;SLC35E2B;TBX18;ATXN7;PLCL1;ZMAT1;STEAP2;DZIP1L;ZNF320;MRVI1;CCDC191;ZNF117;FAM102B;BMP4;GOLGA6L4;NINL;ARHGAP20;CES4A;ROBO3;HYDIN;SLC22A18;TJP2;PDE10A;EPHA4;PDE5A;AKAP6;TNFSF14;U2AF1;OSBPL3;ABCA8;ZC3H11A;ERCC5;DNASE1;CFAP69;ZSCAN30","","","","","SUPPORTED",0
